quote,author,source,selector_used,quote_length,scraped_at
Les leçons de la vie se donnent tous les jours mais les moments difficiles permettent de mieux les comprendre.,Thomas Gatabazi,https://citations.ouest-france.fr/citations-thomas-gatabazi-18498.html,blockquote,110,2025-07-13T21:31:13.268556
"Les difficultés de la vie, après les avoir surmontées, deviennent les lampes qui éclairent notre chemin vers l'avenir.",Thomas Gatabazi,https://citations.ouest-france.fr/citations-thomas-gatabazi-18498.html,blockquote,118,2025-07-13T21:31:13.270555
Les pires moments de la vie enseignent les meilleures leçons de la vie.,Thomas Gatabazi,https://citations.ouest-france.fr/citations-thomas-gatabazi-18498.html,blockquote,71,2025-07-13T21:31:13.272556
La famille n'est pas seulement une question de sang mais tous ceux qui vous tiennent la main quand le temps devient nuageux constituent ta véritable famille.,Thomas Gatabazi,https://citations.ouest-france.fr/citations-thomas-gatabazi-18498.html,blockquote,157,2025-07-13T21:31:13.274560
"Pour mon anniversaire, offrez-moi de l'argent à la place des fleurs. C'est moi qui connais le type de fleurs que j'aime.",Thomas Gatabazi,https://citations.ouest-france.fr/citations-thomas-gatabazi-18498.html,blockquote,120,2025-07-13T21:31:13.276571
Mieux vaut vivre une vie bâtie sur la satisfaction que celle bâtie sur le désir.,Thomas Gatabazi,https://citations.ouest-france.fr/citations-thomas-gatabazi-18498.html,blockquote,80,2025-07-13T21:31:13.278557
Travailler dur dans votre jeunesse vous libère de travailler dur dans votre vieillesse.,Thomas Gatabazi,https://citations.ouest-france.fr/citations-thomas-gatabazi-18498.html,blockquote,87,2025-07-13T21:31:13.279558
"Si votre réussite doit résulter d’une certaine souffrance, alors accepter de souffrir n'est pas un choix mais un devoir.",Thomas Gatabazi,https://citations.ouest-france.fr/citations-thomas-gatabazi-18498.html,blockquote,120,2025-07-13T21:31:13.279558
"La vie est une école, les difficultés sont des épreuves.",Thomas Gatabazi,https://citations.ouest-france.fr/citations-thomas-gatabazi-18498.html,blockquote,56,2025-07-13T21:31:13.279558
Le voyage de la vie n'est pas sans épines.,Thomas Gatabazi,https://citations.ouest-france.fr/citations-thomas-gatabazi-18498.html,blockquote,42,2025-07-13T21:31:13.279558
"L'école nous apprend à lire, la vie nous apprend à vivre.",Thomas Gatabazi,https://citations.ouest-france.fr/citations-thomas-gatabazi-18498.html,blockquote,57,2025-07-13T21:31:13.279558
« L’ingratitude décourage la générosité ».,Thomas Gatabazi,https://citations.ouest-france.fr/citations-thomas-gatabazi-18498.html,blockquote,42,2025-07-13T21:31:13.279558
L'expérience de la vie m'a appris que nos regrets d'aujourd'hui naissent de nos mauvaises décisions d'hier. C’est pourquoi je suis maintenant lent à décider.,Thomas Gatabazi,https://citations.ouest-france.fr/citations-thomas-gatabazi-18498.html,blockquote,157,2025-07-13T21:31:13.290863
"La jeunesse est le moment de planter des arbres, la vieillesse est le moment de les récolter. Les fruits sont amers ou doux selon les espèces d'arbres plantés .",Thomas Gatabazi,https://citations.ouest-france.fr/citations-thomas-gatabazi-18498.html,blockquote,160,2025-07-13T21:31:13.292874
Il ne faut pas comparer votre vie à celle des autres sauf si vous voulez apprendre d’eux.,Thomas Gatabazi,https://citations.ouest-france.fr/citations-thomas-gatabazi-18498.html,blockquote,89,2025-07-13T21:31:13.294360
"Mauvais mariage, vies en ruine; bon mariage, richesse en route.",Thomas Gatabazi,https://citations.ouest-france.fr/citations-thomas-gatabazi-18498.html,blockquote,63,2025-07-13T21:31:13.294360
"L'amour est un pont qui relie les cœurs, il se construit par une présence régulière et entretenu par la communication, il est démoli par la haine ou disparaît par le silence.",Thomas Gatabazi,https://citations.ouest-france.fr/citations-thomas-gatabazi-18498.html,blockquote,174,2025-07-13T21:31:13.294360
L’ignorance d’un problème qui n’a pas de solution est une solution car en avoir conscience ne fait qu’engendrer l’inquiétude.,Thomas Gatabazi,https://citations.ouest-france.fr/citations-thomas-gatabazi-18498.html,blockquote,125,2025-07-13T21:31:13.294360
"Ce qui nous console de la mort, c'est que tout le monde mourra.",Thomas Gatabazi,https://citations.ouest-france.fr/citations-thomas-gatabazi-18498.html,blockquote,63,2025-07-13T21:31:13.294360
Le mot de colère peut être exprimé en quelques secondes mais ceux qui l'ont entendu s’en souviendront éternellement.,Thomas Gatabazi,https://citations.ouest-france.fr/citations-thomas-gatabazi-18498.html,blockquote,116,2025-07-13T21:31:13.294360
Donner de l'éducation à ses enfants c'est comme leur donner des ailes pour voler.,Thomas Gatabazi,https://citations.ouest-france.fr/citations-thomas-gatabazi-18498.html,blockquote,81,2025-07-13T21:31:13.307967
"La haine et l'amour sont deux clés du cœur. La haine ferme, l'amour ouvre.",Thomas Gatabazi,https://citations.ouest-france.fr/citations-thomas-gatabazi-18498.html,blockquote,74,2025-07-13T21:31:13.309983
La réussite de nos activités quotidiennes au travail commence par la bonne humeur à la maison.,Thomas Gatabazi,https://citations.ouest-france.fr/citations-thomas-gatabazi-18498.html,blockquote,94,2025-07-13T21:31:13.311969
Que la paix soit aux hommes qui recherchent la paix pour les autres.,Thomas Gatabazi,https://citations.ouest-france.fr/citations-thomas-gatabazi-18498.html,blockquote,68,2025-07-13T21:31:13.312972
"Plus vous y mettrez de courage, plus vous obtiendrez des résultats positifs.",Thomas Gatabazi,https://citations.ouest-france.fr/citations-thomas-gatabazi-18498.html,blockquote,76,2025-07-13T21:31:13.315601
"Je pensais que l’amitié exigeait le cœur, mais la réalité a prouvé que l’amitié exige des moyens financiers.",Thomas Gatabazi,https://citations.ouest-france.fr/citations-thomas-gatabazi-18498.html,blockquote,108,2025-07-13T21:31:13.315601
Que les déceptions n'entraînent pas votre découragement. Restez concentré sur votre objectif jusqu'à réaliser vos rêves.,Thomas Gatabazi,https://citations.ouest-france.fr/citations-thomas-gatabazi-18498.html,blockquote,120,2025-07-13T21:31:13.315601
"L'amitié grandit grâce à une présence régulière, elle disparaît par absence totale.",Thomas Gatabazi,https://citations.ouest-france.fr/citations-thomas-gatabazi-18498.html,blockquote,83,2025-07-13T21:31:13.315601
La paix est le genre d’histoire qu’on aimerait entendre chaque jour.,Thomas Gatabazi,https://citations.ouest-france.fr/citations-thomas-gatabazi-18498.html,blockquote,68,2025-07-13T21:31:13.315601
"L'humilité d'une femme ne veut pas dire qu'elle est stupide, son humilité est la condition de féminité.",Thomas Gatabazi,https://citations.ouest-france.fr/citations-thomas-gatabazi-18498.html,blockquote,103,2025-07-13T21:31:13.324049
Apprenez à prendre votre vie en main car l'aide n'arrive que par intermittence. Ne tenez personne pour responsable de votre vie parce que chacun s’occupe de la sienne.,Thomas Gatabazi,https://citations.ouest-france.fr/citations-thomas-gatabazi-18498.html,blockquote,167,2025-07-13T21:31:13.325069
L'amour sans certains gestes de folie semble être absent.,Thomas Gatabazi,https://citations.ouest-france.fr/citations-thomas-gatabazi-18498.html,blockquote,57,2025-07-13T21:31:13.326062
"L'avantage de l'argent, c'est qu'il vous rend libre.",Thomas Gatabazi,https://citations.ouest-france.fr/citations-thomas-gatabazi-18498.html,blockquote,52,2025-07-13T21:31:13.328047
Mieux vaut le silence que les faux mots.,Thomas Gatabazi,https://citations.ouest-france.fr/citations-thomas-gatabazi-18498.html,blockquote,40,2025-07-13T21:31:13.329031
La confiance est affermie par la fidélité.,Thomas Gatabazi,https://citations.ouest-france.fr/citations-thomas-gatabazi-18498.html,blockquote,42,2025-07-13T21:31:13.329031
"La vie est une voie où jonchent les épines, nous sommes censés la parcourir jusqu'à atteindre notre destination qu'est la mort.",Thomas Gatabazi,https://citations.ouest-france.fr/citations-thomas-gatabazi-18498.html,blockquote,127,2025-07-13T21:31:13.329031
"Si les attentes sont moindres, la déception sera aussi moindre.",Thomas Gatabazi,https://citations.ouest-france.fr/citations-thomas-gatabazi-18498.html,blockquote,63,2025-07-13T21:31:13.329031
Fidélité à tout un chacun et surtout à vos amitiés en cas d’épreuves.,Thomas Gatabazi,https://citations.ouest-france.fr/citations-thomas-gatabazi-18498.html,blockquote,69,2025-07-13T21:31:13.329031
"Pour les gens courageux et pleins d’espoir, ce qui a été défait sera refait.",Thomas Gatabazi,https://citations.ouest-france.fr/citations-thomas-gatabazi-18498.html,blockquote,76,2025-07-13T21:31:13.329031
Le combat de la vie exige de la témérité et de la ténacité.,Thomas Gatabazi,https://citations.ouest-france.fr/citations-thomas-gatabazi-18498.html,blockquote,59,2025-07-13T21:31:13.329031
